Track URI,Track Name,Album Name,Artist Name(s),Release Date,Duration (ms),Popularity,Explicit,Genres,Record Label,Danceability,Energy,Key,Loudness,Mode,Speechiness,Acousticness,Instrumentalness,Liveness,Valence,Tempo,Time Signature
spotify:track:3AJwUDP919kvQ9QcozQPxg,Yellow,Parachutes,Coldplay,7/10/2000,266773,92,FALSE,,Parlophone UK,0.429,0.661,11,-7.227,1,0.0281,0.00239,0.000121,0.234,0.285,173.372,4
spotify:track:0d28khcov6AiegSCpG5TuT,Feel Good Inc.,Demon Days,Gorillaz;De La Soul,5/23/2005,222640,91,FALSE,"jazz rap,east coast hip hop",Parlophone UK,0.818,0.705,6,-6.679,1,0.177,0.00836,0.00233,0.613,0.772,138.559,4
spotify:track:2X485T9Z5Ly0xyaghN73ed,Let It Happen,Currents,Tame Impala,7/17/2015,467586,86,FALSE,"neo-psychedelic,indie",Universal Music Australia Pty. Ltd.,0.602,0.881,1,-5.875,0,0.0443,0.00462,0.0266,0.111,0.577,125.012,4
spotify:track:0DiWol3AO6WpXZgp0goxAV,One More Time,Discovery,Daft Punk,3/12/2001,320357,84,FALSE,"french house,electronic,electro",Daft Life Ltd./ADA France,0.613,0.697,2,-8.618,1,0.133,0.0194,0,0.332,0.476,122.746,4
spotify:track:7EAMXbLcL0qXmciM5SwMh2,Heart To Heart,Here Comes The Cowboy,Mac DeMarco,5/10/2019,211140,83,FALSE,"indie,lo-fi indie",Mac’s Record Label,0.901,0.136,8,-16.127,0,0.102,0.667,0.354,0.109,0.643,150.076,4
spotify:track:39LLxExYz6ewLAcYrzQQyP,Levitating,Future Nostalgia,Dua Lipa,3/27/2020,203807,82,FALSE,pop,Warner Records,0.695,0.884,6,-2.278,0,0.0753,0.0561,0,0.213,0.914,103.014,4
spotify:track:0w5Bdu51Ka25Pf3hojsKHh,Hard Times,After Laughter,Paramore,5/12/2017,182693,82,FALSE,"pop punk,emo",Fueled By Ramen,0.695,0.818,5,-5.379,0,0.0334,0.00647,0.00000487,0.0219,0.916,119.965,4
spotify:track:4IU1RL4BKvFyXtbTwaHAvW,Ventura Highway,Homecoming,America;George Martin,1/1/1972,211680,81,FALSE,"yacht rock,soft rock,folk rock",Warner Records,0.611,0.761,2,-5.929,1,0.0283,0.104,0.0002,0.122,0.838,130.705,4
spotify:track:4J7CKHCF3mdL4diUsmW8lq,Under Control (feat. Hurts),Motion,Calvin Harris;Alesso;Hurts,10/31/2014,184280,79,FALSE,edm,Columbia,0.544,0.915,8,-3.405,1,0.0841,0.129,0.000914,0.115,0.51,126.094,4
spotify:track:3dnP0JxCgygwQH9Gm7q7nb,Ella Baila Sola,Ella Baila Sola,Eslabon Armado;Peso Pluma,3/16/2023,165671,78,FALSE,"corridos tumbados,sad sierreño,corrido,sierreño,música mexicana,corridos bélicos,banda",DEL Records,0.668,0.758,5,-5.176,0,0.0332,0.483,0.0000189,0.0837,0.834,147.989,3
spotify:track:6y4GYuZszeXNOXuBFsJlos,Kaikai Kitan,Kaikai Kitan / Ao No Waltz,Eve,12/23/2020,221426,76,FALSE,"anime,j-pop,j-rock,vocaloid,japanese indie",TOY'S FACTORY,0.584,0.911,5,-3.515,0,0.09,0.0119,0,0.119,0.606,92.502,4
spotify:track:6kooDsorCpWVMGc994XjWN,Black Betty,Ram Jam,Ram Jam,6/20/1977,240335,75,FALSE,southern rock,Epic,0.465,0.907,11,-6.404,0,0.113,0.0241,0.00118,0.13,0.681,117.293,4
